description	gene	index	ref	alt	parsed_variants
Multiple mutations per row: 	gyrB	7215	ggcgcagctttatcacccgcaacgccaaggatgttcggttcctggatgtc	gccgcagcttcatcacccgcaatgccaaagacgttcgcttcctagacgtt	"['gyrB@659=', 'gyrB@662=', 'gyrB@666=', 'gyrB@668=', 'gyrB@669=', 'gyrB@671=', 'gyrB@673=', 'gyrB@674=', 'gyrB@675=']"
Multiple mutations per row: 	gyrA	8602	caatcctggacatgcagttgcggcgcctggccgcactggaacgccagcgc	cgatcctggacatgcagctgcgccggctggccgccctggagcggcagcgc	"['gyrA@434=', 'gyrA@440=', 'gyrA@441=', 'gyrA@442=', 'gyrA@445=', 'gyrA@447=', 'gyrA@448=']"
Cut off	gyrA	9817	aatcaggctcgcccgacgacgatgcggatcgcgtagcgatctgaggagga	agccagtcaggctcagcg	
Multiple mutations per row: 	rpoB	761089	gccagctgagccaattca	gacagctgagccaattcatgg	"['rpoB@S428R', 'rpoB@1300_ins_tgg']"
Multiple mutations per row: 	rpoB	761094	ctgagccaattcatggaccagaacaaccc	ctgagccagaacaacgc	"['rpoB@P439A', 'rpoB@1295_del_attcatggacca']"
Multiple mutations per row: 	rpoB	761094	ctgagccaattcatggaccagaacaaccc	ctaatggaccagaacaaccc	"['rpoB@430=', 'rpoB@1291_del_gccaattca']"
Multiple mutations per row: 	rpoB	761098	gccaattcatgga	ggagccaattcatggg	"['rpoB@D435G', 'rpoB@1292_ins_gag']"
Multiple mutations per row: 	rpoB	761109	gaccagaacaacccgctgtcggggttgacccaca	gcccagaacaacccgctgtccgggcccc	"['rpoB@D435A', 'rpoB@441=', 'rpoB@H445P', 'rpoB@K446Q', 'rpoB@1326_del_ttgacc']"
Multiple mutations per row: 	rpoB	761133	ttgacccacaa	tggcccca	"['rpoB@L443W', 'rpoB@T444P', 'rpoB@1334_del_caa']"
Multiple mutations per row: 	rpsL	781394	cttgatgtagggg	cctgatgtaggggc	"['rpsL@t-165c', 'rpsL@-153_ins_c']"
Multiple mutations per row: 	Rv1258c	1406415	ggcaggaacgcgatgaccatcgatgccaaacccagggtaagaaccgcggt	gtcg	"['Rv1258c@L308P', 'Rv1258c@P309T', 'Rv1258c@922_del_ccttgcgctactggtagctacggtttgggtcccattcttggcgcca']"
Multiple mutations per row: 	Rv1258c	1406756	accct	atcctg	"['Rv1258c@G195D', 'Rv1258c@580_ins_c']"
Multiple mutations per row: 	Rv1258c	1406760	tcgagttgcagggc	tgcgagttgcagggt	"['Rv1258c@A190T', 'Rv1258c@580_ins_c']"
Multiple mutations per row: 	Rv1258c	1406987	cgggccgaaggc	ctggccgtatt	"['Rv1258c@A115E', 'Rv1258c@F116Y', 'Rv1258c@P118Q', 'Rv1258c@343_del_g']"
Cut off	embR	1416181	c	t	
Multiple mutations per row: 	embR	1416668	gcgcccagcgcatcggattgccggtcggagaggtagt	gg	"['embR@A227P', 'embR@678_del_cgggtcgcgtagcctaacggccagcctctccatca']"
Multiple mutations per row: 	embR	1416948	cttgttcgaaccggccggcggcggccgcgtgcacgcccgcggttttttcg	ca	"['embR@Q133H', 'embR@398_del_acaagcttggccggccgccgccggcgcacgtgcgggcgccaaaaaagc']"
Multiple mutations per row: 	embR	1416994	ttcggcaacaaaccgccccagatcgc	tcggcaacaaaccgccccagatcgt	"['embR@C110Y', 'embR@353_del_a']"
Multiple mutations per row: 	rrs	1471635	ggatttgtattagactggcagggtc	ggtttgtattagactggcagggtt	"['rrs@c-187t', 'rrs@-209_del_a']"
Multiple mutations per row: 	rrs	1471719	tggtttcacatttttgttgttatttttggccatgctcttgatgccccgtt	tctttttatttgttgttgtttttggccatacctagcactccccgtgtgtg	"['rrs@g-126c', 'rrs@g-125t', 'rrs@c-121t', 'rrs@c-119t', 'rrs@a-118t', 'rrs@t-116g', 'rrs@t-113g', 'rrs@g-112t', 'rrs@t-110g', 'rrs@g-109t', 'rrs@a-106t', 'rrs@t-104g', 'rrs@t-103g', 'rrs@t-102c', 'rrs@t-101c', 'rrs@g-100a', 'rrs@g-99t', 'rrs@c-98a', 'rrs@a-96c', 'rrs@g-94a', 'rrs@c-93g', 'rrs@t-92c', 'rrs@c-91a', 'rrs@t-90c', 'rrs@g-88c', 'rrs@a-87c', 'rrs@t-86c', 'rrs@g-85c', 'rrs@c-84g', 'rrs@c-83t', 'rrs@c-82g', 'rrs@c-81t', 'rrs@t-78g']"
Multiple mutations per row: 	rrs	1471849	tgt	ttgg	"['rrs@t5g', 'rrs@4_ins_t']"
Multiple mutations per row: 	rrs	1471922	gtctcttcgga	gtctctttga	"['rrs@c83t', 'rrs@85_del_g']"
Multiple mutations per row: 	rrs	1472027	cacgggatgcatgtcttgtggtggaaagcgctttagcggtgtgggatga	ctcaagacgcatgtcttctggtggaaagcttttgcggtgtgggatgg	"['rrs@a182t', 'rrs@g184a', 'rrs@g185a', 'rrs@t188c', 'rrs@g198c', 'rrs@a215t', 'rrs@a229g', 'rrs@210_del_gc']"
Multiple mutations per row: 	rrs	1472027	cacgggatgcatgtcttgtggtggaaagcgctttagcggtgtgggatgag	cgcgcatcgcatggtgtgtggtggaaagcttttgcggtgtgggatgggcc	"['rrs@a182g', 'rrs@g185c', 'rrs@g186a', 'rrs@a187t', 'rrs@t188c', 'rrs@t194g', 'rrs@c195t', 'rrs@t196g', 'rrs@g210t', 'rrs@c211t', 'rrs@t214g', 'rrs@a215c', 'rrs@c217g', 'rrs@g218t', 'rrs@t222g', 'rrs@g224a', 'rrs@g225t', 'rrs@a226g', 'rrs@t227g', 'rrs@a229c', 'rrs@g230c']"
Multiple mutations per row: 	rrs	1472250	gggggatgacggccttcgggttgtaaacctctttcaccatcgacgaaggt	gagggatgacggccttcgggttgtaaacctctgttagcagggaagaagag	"['rrs@g405a', 'rrs@t436g', 'rrs@c438t', 'rrs@c440g', 'rrs@t443g', 'rrs@c444g', 'rrs@c447a', 'rrs@g452a', 'rrs@t453g']"
Multiple mutations per row: 	rrs	1472378	gtgcgagcgttgtccggaattactgggcgtaaagagctcgtaggtggttt	gcgcgagcgttgtccggaattattgggcgtaaagagcttgtaggcggttt	"['rrs@t533c', 'rrs@c554t', 'rrs@c570t', 'rrs@t576c']"
Multiple mutations per row: 	rrs	1472823	ctgggtttgacatgcacaggacgcgtctagagataggcgttcccttgtgg	caaggcttgacatatactggaccgcatcagagatggtgtttcccttcggg	"['rrs@t978a', 'rrs@g979a', 'rrs@t982c', 'rrs@g990a', 'rrs@c991t', 'rrs@a994t', 'rrs@g999c', 'rrs@c1000g', 'rrs@g1001c', 'rrs@t1002a', 'rrs@c1003t', 'rrs@t1004c', 'rrs@a1011g', 'rrs@g1013t', 'rrs@c1014g', 'rrs@g1015t', 'rrs@g1023c', 'rrs@t1024g']"
Multiple mutations per row: 	rrs	1473086	caaa	cgaat	"['rrs@a1241g', 'rrs@1244_ins_t']"
Multiple mutations per row: 	rrs	1473103	gcgaggttaagcgaatcctta	gtgaggtggagcgaatcctttc	"['rrs@c1258t', 'rrs@t1264g', 'rrs@a1265g', 'rrs@a1277t', 'rrs@1278_ins_c']"
Multiple mutations per row: 	rrs	1473103	gcgaggttaagcgaatccttaaaagccggtctcagttcggatcggggtct	gtaaggttaagcgaatccttttaaagccggtctcagttcggattggggtc	"['rrs@c1258t', 'rrs@g1259a', 'rrs@a1277t', 'rrs@a1278t', 'rrs@g1281a', 'rrs@c1282g', 'rrs@g1284c', 'rrs@t1286g', 'rrs@c1287t', 'rrs@t1288c', 'rrs@c1289t', 'rrs@a1290c', 'rrs@g1291a', 'rrs@t1292g', 'rrs@c1294t', 'rrs@g1295c', 'rrs@a1297g', 'rrs@t1298a', 'rrs@c1299t', 'rrs@g1300t', 'rrs@t1304g', 'rrs@c1305t', 'rrs@t1306c']"
Multiple mutations per row: 	rrs	1473289	tc	tttt	"['rrs@c1444t', 'rrs@1445_ins_tt']"
Multiple mutations per row: 	rrs	1473289	tcggga	tttgggg	"['rrs@c1444t', 'rrs@a1448g', 'rrs@1445_ins_t']"
Cut off	rrs	1473381	ctaaggagcaccacgaaaacgccccaactggtggggcgtaggccgtgagg	cgaaggagcaccacgaaaagcaccccaactggtggggtgcgagccgtgag	
Cut off	ndh	2101651	c	t	
Multiple mutations per row: 	katG	2154435	agccgcc	t	"['katG@559=', 'katG@1676_del_cggcgg']"
Multiple mutations per row: 	katG	2156079	ggtttctgtaatgggt	gtaatgggtt	"['katG@9=', 'katG@E10H', 'katG@T11Y', 'katG@24_del_ttaccc']"
Multiple mutations per row: 	katG	2156191	acatag	aa	"['katG@g-80t', 'katG@-81_del_tatc']"
Multiple mutations per row: 	katG	2156600	aatatgactcccttttctggaatc	agtatgactcccttttctga	"['katG@t-489c', 'katG@c-507t', 'katG@-508_del_ttag']"
Multiple mutations per row: 	Rv1979c	2221809	gatcaaagcaa	ggca	"['Rv1979c@I452A', 'Rv1979c@1353_del_gtttcgt']"
Multiple mutations per row: 	Rv1979c	2221822	gagaagtagttcggaccaccccgcactagaaagatgcagc	gtcgccgcgttgcc	"['Rv1979c@P444R', 'Rv1979c@Y446A', 'Rv1979c@F447A', 'Rv1979c@S448T', 'Rv1979c@1330_del_ctggtggggcgtgatctttctacgtc']"
Multiple mutations per row: 	Rv1979c	2221862	ggtagtcgtaggacactgccagcccaacc	ggccgccaggccacg	"['Rv1979c@425=', 'Rv1979c@426=', 'Rv1979c@Y432P', 'Rv1979c@D433G', 'Rv1979c@Y434G', 'Rv1979c@1293_del_cctgtgacggtcgg']"
Multiple mutations per row: 	Rv1979c	2221893	gaccacgatcgcaacaagcggtaacaccttgtcggtgaac	taccgatctcgaccagttgcgatcc	"['Rv1979c@F412D', 'Rv1979c@T413R', 'Rv1979c@D414N', 'Rv1979c@K415W', 'Rv1979c@A421S', 'Rv1979c@I422R', 'Rv1979c@V423S', 'Rv1979c@424=', 'Rv1979c@1260_del_ttgttcgccattgtg']"
Multiple mutations per row: 	Rv1979c	2221933	gcatt	gatg	"['Rv1979c@N410H', 'Rv1979c@1231_del_g']"
Multiple mutations per row: 	Rv1979c	2221938	tcgccgcacagcagcatgttctactgc	tcgccagcggc	"['Rv1979c@401=', 'Rv1979c@407=', 'Rv1979c@R408W', 'Rv1979c@1220_del_tgtcgtcgtacaagat']"
Multiple mutations per row: 	Rv1979c	2221965	ctgagacctcgccaatgcgatgagagcgatcggcacgat	cggatcgtgtgacaa	"['Rv1979c@A397S', 'Rv1979c@R398H', 'Rv1979c@S399D', 'Rv1979c@Q400P', 'Rv1979c@1185_del_acgctactctcgctagccgtgcta']"
Multiple mutations per row: 	Rv1979c	2222240	gggctccgacgacgatgat	gtaacgagat	"['Rv1979c@I304S', 'Rv1979c@V305F', 'Rv1979c@308=', 'Rv1979c@923_del_cgaggctgc']"
Multiple mutations per row: 	Rv1979c	2222534	cgacgccaagcaacgagt	cgaaaggcctcgat	"['Rv1979c@205=', 'Rv1979c@S206R', 'Rv1979c@L207G', 'Rv1979c@628_del_gcgg']"
Multiple mutations per row: 	Rv1979c	2222552	acgg	agcgt	"['Rv1979c@P204T', 'Rv1979c@612_ins_c']"
Multiple mutations per row: 	Rv1979c	2223517	tccggtctg	a	"['Rv1979c@a-352t', 'Rv1979c@-353_del_ggccagac']"
Multiple mutations per row: 	pncA	2288788	ccaagccattgcgtaccgcgtcctcggccgtctggcg	ctgcgtaccgcgtcctcggccgtctggct	"['pncA@R140S', 'pncA@453_del_gttcggta']"
Multiple mutations per row: 	pncA	2289046	agga	aagat	"['pncA@65=', 'pncA@192_ins_a']"
Multiple mutations per row: 	pncA	2289222	acgatgatc	atgatg	"['pncA@V7I', 'pncA@14_del_tag']"
Multiple mutations per row: 	eis	2715318	cagggtcacagtcacagaatccgactgtg	ccagggtcacagtcacagaatccgactgta	"['eis@c-13t', 'eis@14_ins_g']"
Multiple mutations per row: 	eis	2715328	gtcacagaatccgactgtg	gaatccgactgta	"['eis@c-13t', 'eis@4_del_agtgtc']"
Multiple mutations per row: 	ahpC	2726104	tgatatatcacct	taatatatcacc	"['ahpC@g-88a', 'ahpC@-77_del_t']"
Multiple mutations per row: 	ahpC	2726104	tgatatatcacctttg	taatatatcaccttg	"['ahpC@g-88a', 'ahpC@-75_del_t']"
Multiple mutations per row: 	ahpC	2726104	tgatatatcacctttg	taatatcacctttg	"['ahpC@g-88a', 'ahpC@-83_del_at']"
Multiple mutations per row: 	ahpC	2726104	tgatatatcacctttg	taatatat	"['ahpC@g-88a', 'ahpC@-81_del_cacctttg']"
Multiple mutations per row: 	ahpC	2726138	gcacgatggaat	gtacgatggaatc	"['ahpC@c-54t', 'ahpC@-43_ins_c']"
Multiple mutations per row: 	whiB7	3568680	gtcctgtttcacctgcttcctggtctggtggcggttcttcgaaagtgatc	ga	"['whiB7@a-1t', 'whiB7@-2_del_ggacaaagtggacgaaggaccagaccaccgccaagaagctttcactag']"
Cut off	rpoA	3877464	c	t	
Multiple mutations per row: 	embA	4243189	cg	ccc	"['embA@g-43c', 'embA@-42_ins_c']"
Multiple mutations per row: 	embA	4243198	accgccct	acctcct	"['embA@g-32t', 'embA@-29_del_c']"
Multiple mutations per row: 	ubiA	4273534	aacg	at	"['ubiA@t-3701a', 'ubiA@-3702_del_gc']"
Multiple mutations per row: 	ethA	4326168	gggtgaactccatgaagggccgctcttcgacatctgagcccggtcgctcg	gggtgaactccatgaaggccgctcttcgacatctgagcccggtcgctcga	"['ethA@419=', 'ethA@E420R', 'ethA@R421A', 'ethA@P422T', 'ethA@423=', 'ethA@S424L', 'ethA@D425R', 'ethA@V426C', 'ethA@E427R', 'ethA@E428R', 'ethA@R429A', 'ethA@P430A']"
Multiple mutations per row: 	ethA	4326168	gggtgaactccatgaagggccgctcttcgacatctgagcccggtcgctcg	gggtgaactccatgaagggccgctcttcgacatctgagcccgtcgctcga	"['ethA@419=', 'ethA@E420R', 'ethA@R421A', 'ethA@P422T']"
Multiple mutations per row: 	ethA	4326168	gggtgaactccatgaagggccgctcttcgacatctgagcccggtcgctcg	gggtgaactccatgaagggccgctcttcgacatctgagccggtcgctcga	"['ethA@419=', 'ethA@E420R', 'ethA@R421A', 'ethA@P422T']"
Multiple mutations per row: 	ethA	4326168	gggtgaactccatgaagggccgctcttcgacatctgagcccggtcgctcg	gggtgaactccatgaagggcgctcttcgacatctgagcccggtcgctcga	"['ethA@419=', 'ethA@E420R', 'ethA@R421A', 'ethA@P422T', 'ethA@423=', 'ethA@S424L', 'ethA@D425R', 'ethA@V426C', 'ethA@E427R', 'ethA@E428R', 'ethA@R429A']"
Multiple mutations per row: 	ethA	4326168	gggtgaactccatgaagggccgctcttcgacatctgagcccggtcgctcg	gggtgaactccatgagggccgctcttcgacatctgagcccggtcgctcga	"['ethA@419=', 'ethA@E420R', 'ethA@R421A', 'ethA@P422T', 'ethA@423=', 'ethA@S424L', 'ethA@D425R', 'ethA@V426C', 'ethA@E427R', 'ethA@E428R', 'ethA@R429A', 'ethA@P430A', 'ethA@F431L']"
Multiple mutations per row: 	ethA	4326168	gggtgaactccatgaagggccgctcttcgacatctgagcccggtcgctcg	ggggccgctcttcgacatctgagcccggtcgctcgacgaccacggt	"['ethA@419=', 'ethA@E420P', 'ethA@R421W', 'ethA@P422S', 'ethA@G423S', 'ethA@424=', 'ethA@425=', 'ethA@V426R', 'ethA@E427A', 'ethA@E428Q', 'ethA@R429M', 'ethA@M432E', 'ethA@F434R', 'ethA@T435P', 'ethA@1291_del_tccc']"
Multiple mutations per row: 	ethA	4326168	gggtgaactccatgaagggccgctcttcgacatctgagcccggtcgctcg	gggtgaactccatagggccgctcttcgacatctgagcccggtcgctcgac	"['ethA@419=', 'ethA@E420S', 'ethA@R421S', 'ethA@P422D', 'ethA@G423R', 'ethA@S424A', 'ethA@D425Q', 'ethA@V426M', 'ethA@E427S', 'ethA@E428K', 'ethA@R429S', 'ethA@P430G', 'ethA@F431P']"
Multiple mutations per row: 	ethA	4326168	gggtgaactccatgaagggccgctcttcgacatctgagcccggtcgctcg	gggtgaacctccatgaagggccgctcttcgacatctgagcccggtcgctc	"['ethA@419=', 'ethA@E420S', 'ethA@R421D', 'ethA@P422R', 'ethA@G423A', 'ethA@S424Q', 'ethA@D425M', 'ethA@V426S', 'ethA@E427K', 'ethA@E428S', 'ethA@R429G', 'ethA@430=', 'ethA@F431S', 'ethA@M432W', 'ethA@E433R']"
Multiple mutations per row: 	ethA	4326168	gggtgaactccatgaagggccgctcttcgacatctgagcccggtcgctcg	gggtgaacactccatgaagggccgctcttcgacatctgagcccggtcgct	"['ethA@419=', 'ethA@E420A', 'ethA@R421T', 'ethA@P422G', 'ethA@G423L', 'ethA@S424R', 'ethA@D425C', 'ethA@V426R', 'ethA@E427R', 'ethA@E428A', 'ethA@R429A', 'ethA@P430L', 'ethA@F431H', 'ethA@M432G', 'ethA@E433V']"
Multiple mutations per row: 	ethA	4326168	gggtgaactccatgaagggccgctcttcgacatctgagcccggtcgctcg	gggtgaactccatgaagggccgctcttcgacatctgagcccccgctcttc	"['ethA@419=', 'ethA@E420K', 'ethA@R421S', 'ethA@P422G']"
Multiple mutations per row: 	ethA	4326992	atcggcccgacgaaatcctccgagccggcgaatc	atcgtccgacgaaatcctccgagccggcgaatc	"['ethA@P160T', 'ethA@475_del_g']"
Multiple mutations per row: 	ethA	4327107	ggctttggatgtgaac	ga	"['ethA@122=', 'ethA@365_del_gaaacctacacttg']"
Multiple mutations per row: 	whiB6	4338514	tatcgcattaaccatagcgatgcaacagtttcctcctctgcctgcctagc	tt	"['whiB6@Y3N', 'whiB6@6_del_agcgtaattggtatcgctacgttgtcaaaggaggagacggacggatcg']"
Multiple mutations per row: 	whiB6	4338553	gcctgcctagcggtgctgcggctccggttcggcgagctccgagctctagt	gtgacatgcgacagttcaggtgta	"['whiB6@a-59c', 'whiB6@g-60t', 'whiB6@c-61g', 'whiB6@c-62t', 'whiB6@g-63a', 'whiB6@t-65g', 'whiB6@g-67t', 'whiB6@a-68g', 'whiB6@g-69t', 'whiB6@g-70c', 'whiB6@c-71a', 'whiB6@t-72a', 'whiB6@c-73g', 'whiB6@g-74t', 'whiB6@a-75c', 'whiB6@g-76c', 'whiB6@t-78c', 'whiB6@c-79a', 'whiB6@a-80t', 'whiB6@-32_del_ggacggatcgccacgacgccgaggcc']"
Multiple mutations per row: 	whiB6	4338562	gcggtgctgcggctccggttcggcgagctccgagc	gaggtgctgcggctccggttcggcgagctccggg	"['whiB6@g-41t', 'whiB6@t-72c', 'whiB6@-74_del_g']"
Multiple mutations per row: 	whiB6	4338564	ggtgctgcggctccggttcggcgagctccgagc	gatgctgcggctccggttcggcgagctccgag	"['whiB6@c-43t', 'whiB6@-74_del_g']"
Multiple mutations per row: 	whiB6	4338565	gtgctgcggctccggttcggcgagctccgagct	gcgctgcggctccggttcggcgagctccgagt	"['whiB6@a-44g', 'whiB6@-74_del_g']"
Multiple mutations per row: 	whiB6	4338565	gtgctgcggctccggttcggcgagctccgagc	gcgctgcggctccggttcggcgagctccgag	"['whiB6@a-44g', 'whiB6@-74_del_g']"
Multiple mutations per row: 	whiB6	4338570	gcggctccggttcggcgagctccgagc	gaggctccggttcggcgagctccgag	"['whiB6@g-49t', 'whiB6@-74_del_g']"
Multiple mutations per row: 	whiB6	4338570	gcggctccggttcggcgagctccgagc	gtggctccggttcggcgagctccgag	"['whiB6@g-49a', 'whiB6@-74_del_g']"
Multiple mutations per row: 	whiB6	4338574	ctccggttcggcgagctccgagc	ccccggttcggcgagctccgag	"['whiB6@a-53g', 'whiB6@-74_del_g']"
Multiple mutations per row: 	whiB6	4338578	ggttcggcgagctccgagc	gattcggcgagctccgag	"['whiB6@c-57t', 'whiB6@-74_del_g']"
Multiple mutations per row: 	whiB6	4338586	gagctccgagctctagtgcgcgcaccgccgagtaccagggcatagatcct	gtgta	"['whiB6@t-65a', 'whiB6@g-67a', 'whiB6@a-68t', 'whiB6@-69_del_ggctcgagatcacgcgcgtggcggctcatggtcccgtatctagga']"
Multiple mutations per row: 	whiB6	4338586	gagctccgagc	gggctccgag	"['whiB6@t-65c', 'whiB6@-74_del_g']"
Multiple mutations per row: 	whiB6	4338587	agctccgagctctagt	agctccgggtctagt	"['whiB6@t-72c', 'whiB6@-74_del_g']"
Multiple mutations per row: 	whiB6	4338587	agctccgagctctagt	agctcggagtctagt	"['whiB6@g-70c', 'whiB6@-74_del_g']"
Multiple mutations per row: 	whiB6	4338587	agctccgagctctagt	agctccgagtgtagt	"['whiB6@g-76c', 'whiB6@-74_del_g']"
Multiple mutations per row: 	whiB6	4338587	agctccgagctctagt	agctgcgagtctagt	"['whiB6@g-69c', 'whiB6@-74_del_g']"
Multiple mutations per row: 	whiB6	4338587	agctccgagctctagt	agctgagagtctagt	"['whiB6@g-69c', 'whiB6@g-70t', 'whiB6@-74_del_g']"
Multiple mutations per row: 	whiB6	4338587	agctccgagctctagt	agctccgagtttagt	"['whiB6@g-74a', 'whiB6@-76_del_g']"
Multiple mutations per row: 	whiB6	4338587	agctccgagctctagt	agctccgcgtctagt	"['whiB6@t-72g', 'whiB6@-74_del_g']"
Multiple mutations per row: 	whiB6	4338587	agctccgagctctagt	agctctgagtctagt	"['whiB6@g-70a', 'whiB6@-74_del_g']"
Multiple mutations per row: 	whiB6	4338587	agctccgagctctagt	agctccgtgtctagt	"['whiB6@t-72a', 'whiB6@-74_del_g']"
Multiple mutations per row: 	whiB6	4338587	agctccgagctctagt	agatccgagtctagt	"['whiB6@g-67t', 'whiB6@-74_del_g']"
Multiple mutations per row: 	whiB6	4338587	agctccgagctctagt	agcaccgagtctagt	"['whiB6@a-68t', 'whiB6@-74_del_g']"
Multiple mutations per row: 	whiB6	4338587	agctccgagctctagt	agccccgagtctagt	"['whiB6@a-68g', 'whiB6@-74_del_g']"
Multiple mutations per row: 	whiB6	4338587	agctccgagctctagt	agctccgagtcta	"['whiB6@t-78g', 'whiB6@c-79a', 'whiB6@a-80t', 'whiB6@-74_del_gag']"
Multiple mutations per row: 	whiB6	4338587	agctccgagctctagt	agcgccgagtctagt	"['whiB6@a-68c', 'whiB6@-74_del_g']"
Multiple mutations per row: 	whiB6	4338587	agctccgagctctagt	agctcagagtctagt	"['whiB6@g-70t', 'whiB6@-74_del_g']"
Multiple mutations per row: 	whiB6	4338587	agctccgagctctagt	agctccaagtctagt	"['whiB6@c-71t', 'whiB6@-74_del_g']"
Multiple mutations per row: 	whiB6	4338587	agctccgagctctagt	agctcccagtctagt	"['whiB6@c-71g', 'whiB6@-74_del_g']"
Multiple mutations per row: 	whiB6	4338587	agctccgagctctagt	agctccgagactagt	"['whiB6@g-74t', 'whiB6@-75_del_a']"
Multiple mutations per row: 	whiB6	4338587	agctccgagctctagt	agctccgaggctagt	"['whiB6@g-74c', 'whiB6@-75_del_a']"
Multiple mutations per row: 	whiB6	4338587	agctccgagctctagt	agctccgagtccagt	"['whiB6@a-77g', 'whiB6@-74_del_g']"
Multiple mutations per row: 	whiB6	4338587	agctccgagctctagt	agctccgagtcgagt	"['whiB6@a-77c', 'whiB6@-74_del_g']"
Multiple mutations per row: 	whiB6	4338587	agctccgagctctagt	agctccgagtctcga	"['whiB6@t-78g', 'whiB6@a-80t', 'whiB6@-74_del_g']"
Multiple mutations per row: 	whiB6	4338587	agctccgagctctagt	agcttcgagtctagt	"['whiB6@g-69a', 'whiB6@-74_del_g']"
Multiple mutations per row: 	whiB6	4338587	agctccgagctctagt	agctccgagtctcgt	"['whiB6@t-78g', 'whiB6@-74_del_g']"
Multiple mutations per row: 	whiB6	4338587	agctccgagctctagt	agctccgagtctggt	"['whiB6@t-78c', 'whiB6@-74_del_g']"
Multiple mutations per row: 	whiB6	4338588	gctccgagctctagtg	gatccgagtctagta	"['whiB6@g-67t', 'whiB6@c-81t', 'whiB6@-74_del_g']"
Multiple mutations per row: 	whiB6	4338589	ctccgagc	cgccgag	"['whiB6@a-68c', 'whiB6@-74_del_g']"
Multiple mutations per row: 	whiB6	4338589	ctccgagct	cgccgagt	"['whiB6@a-68c', 'whiB6@-74_del_g']"
Multiple mutations per row: 	whiB6	4338589	ctccgagc	ccccgag	"['whiB6@a-68g', 'whiB6@-74_del_g']"
Multiple mutations per row: 	whiB6	4338589	ctccgagc	caccgag	"['whiB6@a-68t', 'whiB6@-74_del_g']"
Multiple mutations per row: 	whiB6	4338590	tccgagc	tgcgag	"['whiB6@g-69c', 'whiB6@-74_del_g']"
Multiple mutations per row: 	whiB6	4338590	tccgagc	ttcgag	"['whiB6@g-69a', 'whiB6@-74_del_g']"
Multiple mutations per row: 	whiB6	4338591	ccgagct	cagagt	"['whiB6@g-70t', 'whiB6@-74_del_g']"
Multiple mutations per row: 	whiB6	4338591	ccgagctctagtgcgcgcaccgccgagtaccagggcatagatcctgttaa	ctgacatgcgacagttcaggtgta	"['whiB6@g-70a', 'whiB6@c-101a', 'whiB6@c-103g', 'whiB6@g-104c', 'whiB6@a-106g', 'whiB6@t-109a', 'whiB6@g-112t', 'whiB6@a-113c', 'whiB6@a-116c', 'whiB6@t-117a', 'whiB6@-73_del_cgagatcacgcgcgtggcggctcatg']"
Multiple mutations per row: 	whiB6	4338591	ccgagc	cagag	"['whiB6@g-70t', 'whiB6@-74_del_g']"
Multiple mutations per row: 	whiB6	4338591	ccgagc	cggag	"['whiB6@g-70c', 'whiB6@-74_del_g']"
Multiple mutations per row: 	whiB6	4338591	ccgagc	ctgag	"['whiB6@g-70a', 'whiB6@-74_del_g']"
Multiple mutations per row: 	whiB6	4338592	cgagc	ctag	"['whiB6@c-71a', 'whiB6@-74_del_g']"
Multiple mutations per row: 	whiB6	4338592	cgagc	cggg	"['whiB6@t-72c', 'whiB6@-74_del_g']"
Multiple mutations per row: 	whiB6	4338592	cgagc	caag	"['whiB6@c-71t', 'whiB6@-74_del_g']"
Multiple mutations per row: 	whiB6	4338593	gagc	gcg	"['whiB6@t-72g', 'whiB6@-74_del_g']"
Multiple mutations per row: 	whiB6	4338593	gagc	ggg	"['whiB6@t-72c', 'whiB6@-74_del_g']"
Multiple mutations per row: 	whiB6	4338593	gagct	gggt	"['whiB6@t-72c', 'whiB6@-74_del_g']"
Multiple mutations per row: 	whiB6	4338593	gagctctagtg	gagtctagta	"['whiB6@c-81t', 'whiB6@-74_del_g']"
Multiple mutations per row: 	whiB6	4338593	gagct	gcgt	"['whiB6@t-72g', 'whiB6@-74_del_g']"
Multiple mutations per row: 	whiB6	4338593	gagc	gaa	"['whiB6@c-73t', 'whiB6@-74_del_g']"
Multiple mutations per row: 	whiB6	4338593	gagc	gtg	"['whiB6@t-72a', 'whiB6@-74_del_g']"
Multiple mutations per row: 	whiB6	4338594	agctct	agtcg	"['whiB6@a-77c', 'whiB6@-74_del_g']"
Multiple mutations per row: 	whiB6	4338594	agctctagtg	agtctagta	"['whiB6@c-81t', 'whiB6@-74_del_g']"
Multiple mutations per row: 	whiB6	4338594	agctctagtg	attctagta	"['whiB6@c-73a', 'whiB6@c-81t', 'whiB6@-74_del_g']"
Multiple mutations per row: 	whiB6	4338594	agctctagtgcgcgcaccgccgagtaccagggcatagatcctgttaatca	agtctagtgcgcgcaccgccgagtaccagggctgtgtatctggcctcgcc	"['whiB6@g-74a', 'whiB6@a-75g', 'whiB6@g-76a', 'whiB6@a-77t', 'whiB6@t-78c', 'whiB6@c-79a', 'whiB6@a-80c', 'whiB6@c-81g', 'whiB6@g-82c', 'whiB6@c-83g', 'whiB6@g-84c', 'whiB6@c-85g', 'whiB6@g-86t', 'whiB6@t-87g', 'whiB6@g-89c', 'whiB6@c-90g', 'whiB6@g-92c', 'whiB6@c-93t', 'whiB6@t-94c', 'whiB6@c-95a', 'whiB6@a-96t', 'whiB6@t-97g', 'whiB6@g-99t', 'whiB6@t-100c', 'whiB6@c-103g', 'whiB6@g-104a', 'whiB6@t-105c', 'whiB6@t-107c', 'whiB6@c-108a', 'whiB6@g-112a', 'whiB6@a-113c', 'whiB6@a-115g', 'whiB6@a-116g', 'whiB6@t-117a', 'whiB6@t-118g', 'whiB6@a-119c', 'whiB6@t-121g']"
Multiple mutations per row: 	whiB6	4338594	agc	aa	"['whiB6@c-73t', 'whiB6@-74_del_g']"
Multiple mutations per row: 	whiB6	4338594	agctc	agtt	"['whiB6@g-74a', 'whiB6@-76_del_g']"
Multiple mutations per row: 	whiB6	4338595	gctctagtgcgcgcaccgccg	gtctagtgcgcgcaccgcca	"['whiB6@c-93t', 'whiB6@-74_del_g']"
Multiple mutations per row: 	whiB6	4338595	gctct	gtcg	"['whiB6@a-77c', 'whiB6@-74_del_g']"
Multiple mutations per row: 	whiB6	4338595	gct	gg	"['whiB6@g-74c', 'whiB6@-75_del_a']"
Multiple mutations per row: 	whiB6	4338595	gct	ga	"['whiB6@g-74t', 'whiB6@-75_del_a']"
Multiple mutations per row: 	whiB6	4338595	gctc	gtt	"['whiB6@g-74a', 'whiB6@-76_del_g']"
Multiple mutations per row: 	whiB6	4338595	gctc	gtg	"['whiB6@g-76c', 'whiB6@-74_del_g']"
Multiple mutations per row: 	whiB6	4338595	gctct	gtca	"['whiB6@a-77t', 'whiB6@-74_del_g']"
Multiple mutations per row: 	whiB6	4338595	gctct	gttc	"['whiB6@g-74a', 'whiB6@-77_del_a']"
Multiple mutations per row: 	whiB6	4338595	gctcta	gtctc	"['whiB6@t-78g', 'whiB6@-74_del_g']"
Multiple mutations per row: 	whiB6	4338595	gctcta	gtctg	"['whiB6@t-78c', 'whiB6@-74_del_g']"
Multiple mutations per row: 	whiB6	4338595	gctctagt	gtctcga	"['whiB6@t-78g', 'whiB6@a-80t', 'whiB6@-74_del_g']"
Multiple mutations per row: 	whiB6	4338595	gctctagtg	ggctagta	"['whiB6@g-74c', 'whiB6@c-81t', 'whiB6@-75_del_a']"
Multiple mutations per row: 	whiB6	4338595	gctctagtg	gtatagta	"['whiB6@g-76t', 'whiB6@c-81t', 'whiB6@-74_del_g']"
Multiple mutations per row: 	whiB6	4338595	gctctagtg	gtcgagta	"['whiB6@a-77c', 'whiB6@c-81t', 'whiB6@-74_del_g']"
Multiple mutations per row: 	whiB6	4338595	gctctagtg	gtctagta	"['whiB6@c-81t', 'whiB6@-74_del_g']"
Multiple mutations per row: 	whiB6	4338595	gctctagtg	gtttagta	"['whiB6@g-74a', 'whiB6@c-81t', 'whiB6@-76_del_g']"
Multiple mutations per row: 	whiB6	4338595	gctctagtgc	gtctagtgt	"['whiB6@g-82a', 'whiB6@-74_del_g']"
Multiple mutations per row: 	whiB6	4338595	gctctagtgcgcg	gtctagtgcgca	"['whiB6@c-85t', 'whiB6@-74_del_g']"
Multiple mutations per row: 	whiB6	4338595	gctctagtgcgcgca	gtctagtgcgcgcc	"['whiB6@t-87g', 'whiB6@-74_del_g']"
Multiple mutations per row: 	whiB6	4338595	gctctagtgcgcgcaccgcc	gtctagtgcgcgcaccgcg	"['whiB6@g-92c', 'whiB6@-74_del_g']"
Multiple mutations per row: 	whiB6	4338595	gctctagtgcgcgcaccgccgagtacc	gtctagtacgcgcaccgccgagtact	"['whiB6@c-81t', 'whiB6@g-99a', 'whiB6@-74_del_g']"
Multiple mutations per row: 	whiB6	4338595	gctctagtgcgcgcaccgccgagtaccagg	gtctagtgcgcgcaccgccgagtaccaga	"['whiB6@c-102t', 'whiB6@-74_del_g']"
Multiple mutations per row: 	whiB6	4338595	gctctagtgcgcgcaccgccgagtaccagg	gtctagtgcgcgcaccgccgagtaccagc	"['whiB6@c-102g', 'whiB6@-74_del_g']"
Multiple mutations per row: 	whiB6	4338595	gctctagtgcgcgcaccgccgagtaccaggg	gtctagtgcgcgcaccgccgagtaccagga	"['whiB6@c-103t', 'whiB6@-74_del_g']"
Multiple mutations per row: 	whiB6	4338595	gctctagtgcgcgcaccgccgagtaccagggcat	gtctagtacgcgcaccgccgagtaccagggcac	"['whiB6@c-81t', 'whiB6@a-106g', 'whiB6@-74_del_g']"
Multiple mutations per row: 	whiB6	4338595	gctcta	gtcgg	"['whiB6@a-77c', 'whiB6@t-78c', 'whiB6@-74_del_g']"
Multiple mutations per row: 	whiB6	4338595	gctctagtgcgcgcaccgccgagtaccagggcatag	gtctagtacgcgcaccgccgagtaccagggcataa	"['whiB6@c-81t', 'whiB6@c-108t', 'whiB6@-74_del_g']"
Multiple mutations per row: 	whiB6	4338595	gctctagtgcgcgc	gtctagtgcgc	"['whiB6@t-78g', 'whiB6@c-79a', 'whiB6@a-80t', 'whiB6@g-82a', 'whiB6@-74_del_gag']"
Multiple mutations per row: 	whiB6	4338595	gctctagtgcg	gtct	"['whiB6@g-74a', 'whiB6@c-83a', 'whiB6@-75_del_agatcac']"
Multiple mutations per row: 	whiB6	4338595	gctct	gtcc	"['whiB6@a-77g', 'whiB6@-74_del_g']"
Multiple mutations per row: 	whiB6	4338596	ctctagtg	cctagta	"['whiB6@c-81t', 'whiB6@-75_del_a']"
Multiple mutations per row: 	whiB6	4338598	ctagt	cgga	"['whiB6@a-77c', 'whiB6@a-80t', 'whiB6@-78_del_t']"
Multiple mutations per row: 	whiB6	4338632	tcctgttaatcagctgtgtatctggcctcgccggcgcgtatccgacccct	tgcgacagttcaggtgta	"['whiB6@g-111c', 'whiB6@a-113c', 'whiB6@c-114t', 'whiB6@a-115g', 'whiB6@a-116t', 'whiB6@t-117c', 'whiB6@t-118a', 'whiB6@g-123c', 'whiB6@c-127t', 'whiB6@-128_del_atagaccggagcggccgcgcataggctgggga']"
Multiple mutations per row: 	gid	4407574	tgctttccacgtcgt	tctttccacgtcgc	"['gid@205=', 'gid@628_del_c']"
Multiple mutations per row: 	gid	4407812	tgccgc	tgcgg	"['gid@G130R', 'gid@386_del_g']"
Multiple mutations per row: 	gid	4407846	ggcgcgcccccgcacgatctcaacggcc	gcgcgcccccgcacgatctcaacggca	"['gid@110=', 'gid@356_del_c']"
Multiple mutations per row: 	gid	4407847	gcgcgcccccgcacgatctcaacggcc	gtgcgccccgcacgatctcaacggca	"['gid@110=', 'gid@A119T', 'gid@347_del_g']"
Multiple mutations per row: 	gid	4407849	gcgcccccgcacgatctcaacggcca	gcgccccgcacgatctcaacggcaa	"['gid@110=', 'gid@347_del_g']"
Multiple mutations per row: 	gid	4407849	gcgcccccgcacgatctcaacggcca	gcgccccccgcacgatctcaacggcaa	"['gid@110=', 'gid@346_ins_g']"
Multiple mutations per row: 	gid	4407850	cgcccccgcacgatctcaacggcc	cccccgcacgatctcaacggca	"['gid@110=', 'gid@352_del_cg']"
Multiple mutations per row: 	gid	4407854	cccgcacgatctcaacggcc	cgcacgatctcaacggca	"['gid@110=', 'gid@348_del_gg']"
Multiple mutations per row: 	gid	4407855	ccgcacgatctcaacggcc	cgcacgatctcaacggca	"['gid@110=', 'gid@347_del_g']"
Multiple mutations per row: 	gid	4407856	cgcacgatctcaacggcc	ccgcacgatctcaacggca	"['gid@110=', 'gid@346_ins_g']"
Multiple mutations per row: 	gid	4407872	ccacgcccagatctgtcaccatctctcgaagaaactcggtgcggcgcagt	caacgc	"['gid@110=', 'gid@325_del_ggtctagacagtggtagagagcttctttgagccacgccgcgtca']"
Multiple mutations per row: 	gid	4408073	gcctaccgacttcgcgggg	gtctaccgacttcgcggg	"['gid@43=', 'gid@112_del_c']"
Multiple mutations per row: 	gid	4408087	cggggtcccaccagcccccgctccacaccgggtcccgccaacgc	cggggtcccaccaggccccgctccacaccggtcccgccaacgc	"['gid@34=', 'gid@85_del_c']"
Multiple mutations per row: 	gid	4408100	gcccccgctccacaccgggtcccgccaacgcttcggcgtaccgccgagca	ggccccgctccacaccgggtcccgccaacgc	"['gid@34=', 'gid@72_del_aagccgcatggcggctcgt']"
Multiple mutations per row: 	gid	4408104	ccgc	cgg	"['gid@R33P', 'gid@96_del_g']"
Multiple mutations per row: 	gid	4408134	ggcgtaccgccgagcaaggccaagccgcggtccgaagatcgcagac	ggcgtaccccgagcaaggccacgccgcggtccgaagatcgcagac	"['gid@L16R', 'gid@61_del_c']"
Exists in >1 resistance category:	Rv1258c@580_ins_c	INH			
Exists in >1 resistance category:	embC@-586_ins_tggccgccgccatcgggt	EMB			
Exists in >1 resistance category:	pncA@-4_del_g	PZA			
Exists in >1 resistance category:	pncA@317_del_t	PZA			
Exists in >1 resistance category:	pncA@389_del_tgta	PZA			
Exists in >1 resistance category:	whiB7@191_del_g	AMI			
Exists in >1 resistance category:	whiB6@-74_del_g	AMI			
Exists in >1 resistance category:	eis@806_del_ca	AMI			
Exists in >1 resistance category:	gid@351_del_g	STM			
Described variant isn't in ref/alt pair: 	gyrA_1301_del_32_caatcctggacatgcagttgcggcgcctggccgcactggaacgccagcgc_cgatcctggacatgcagctgcgccggctggccgccctggagcggcagcgc	gyrA@A434A&gyrA@A445A&gyrA@E447E&gyrA@L440L&gyrA@R441R&gyrA@R442R&gyrA@R448R&gyrA@a1302g&gyrA@a1335c&gyrA@a1341g&gyrA@c1326g&gyrA@c1344g&gyrA@g1323c&gyrA@t1318c
Described variant isn't in ref/alt pair: 	gyrB_1976_del_20_ggcgcagctttatcacccgcaacgccaaggatgttcggttcctggatgtc_gccgcagcttcatcacccgcaatgccaaagacgttcgcttcctagacgtt	gyrB@D669D&gyrB@D674D&gyrB@F662F&gyrB@K668K&gyrB@L673L&gyrB@N666N&gyrB@R659R&gyrB@R671R&gyrB@V675V&gyrB@c1998t&gyrB@c2025t&gyrB@g1977c&gyrB@g2004a&gyrB@g2013c&gyrB@g2019a&gyrB@t1986c&gyrB@t2007c&gyrB@t2022c
Described variant isn't in ref/alt pair: 	rrs_-127_ins_3_tggtttcacatttttgttgttatttttggccatgctcttgatgccccgtt_tctttttatttgttgttgtttttggccatacctagcactccccgtgtgtg	rrs@a-87c&rrs@a-96c&rrs@c-81t&rrs@c-82g&rrs@c-83t&rrs@c-84g&rrs@c-91a&rrs@c-93g&rrs@c-98a&rrs@g-100a&rrs@g-85c&rrs@g-88c&rrs@g-94a&rrs@g-99t&rrs@t-78g&rrs@t-86c&rrs@t-90c&rrs@t-92c
Described variant isn't in ref/alt pair: 	rrs_978_ins_1_ctgggtttgacatgcacaggacgcgtctagagataggcgttcccttgtgg_caaggcttgacatatactggaccgcatcagagatggtgtttcccttcggg	rrs@a1012g&rrs@a995t&rrs@c1001g&rrs@c1004t&rrs@c1015g&rrs@c992t&rrs@g1000c&rrs@g1002c&rrs@g1014t&rrs@g1016t&rrs@g1024c&rrs@g980a&rrs@g991a&rrs@t1003a&rrs@t1005c&rrs@t1025g&rrs@t979a&rrs@t983c
Described variant isn't in ref/alt pair: 	rrs_1258_ins_1_gcgaggttaagcgaatccttaaaagccggtctcagttcggatcggggtct_gtaaggttaagcgaatccttttaaagccggtctcagttcggattggggtc	rrs@a1278t&rrs@a1279t&rrs@a1291c&rrs@a1298g&rrs@c1259t&rrs@c1283g&rrs@c1288t&rrs@c1290t&rrs@c1295t&rrs@c1300t&rrs@c1306t&rrs@g1260a&rrs@g1282a&rrs@g1285c&rrs@g1292a&rrs@g1296c&rrs@g1301t&rrs@t1287g&rrs@t1289c&rrs@t1293g&rrs@t1299a&rrs@t1305g&rrs@t1307c
Described variant isn't in ref/alt pair: 	rrs_182_del_2_cacgggatgcatgtcttgtggtggaaagcgctttagcggtgtgggatgag_cgcgcatcgcatggtgtgtggtggaaagcttttgcggtgtgggatgggcc	rrs@a183g&rrs@a188t&rrs@a216c&rrs@a227g&rrs@a230c&rrs@c196t&rrs@c212t&rrs@c218g&rrs@g186c&rrs@g187a&rrs@g211t&rrs@g219t&rrs@g225a&rrs@g226t&rrs@g231c&rrs@t189c&rrs@t195g&rrs@t197g&rrs@t215g&rrs@t223g&rrs@t228g
Described variant isn't in ref/alt pair: 	rrs_405_del_12_gggggatgacggccttcgggttgtaaacctctttcaccatcgacgaaggt_gagggatgacggccttcgggttgtaaacctctgttagcagggaagaagag	rrs@c439t&rrs@c441g&rrs@c445g&rrs@c448a&rrs@g406a&rrs@g453a&rrs@t437g&rrs@t444g&rrs@t454g
Described variant isn't in ref/alt pair: 	rrs_533_ins_1_gtgcgagcgttgtccggaattactgggcgtaaagagctcgtaggtggttt_gcgcgagcgttgtccggaattattgggcgtaaagagcttgtaggcggttt	rrs@c555t&rrs@c571t&rrs@t534c&rrs@t577c
Described variant isn't in ref/alt pair: 	ethA_1306_ins_2_gggtgaactccatgaagggccgctcttcgacatctgagcccggtcgctcg_gggtgaacactccatgaagggccgctcttcgacatctgagcccggtcgct	ethA@D425C&ethA@E420A&ethA@E427R&ethA@E428A&ethA@E433V&ethA@F431H&ethA@G423L&ethA@M432G&ethA@P422G&ethA@P430L&ethA@R421T&ethA@R429A&ethA@S424R&ethA@V419V&ethA@V426R&ethA@c1257a
Described variant isn't in ref/alt pair: 	ethA_1306_ins_1_gggtgaactccatgaagggccgctcttcgacatctgagcccggtcgctcg_gggtgaacctccatgaagggccgctcttcgacatctgagcccggtcgctc	ethA@D425M&ethA@E420S&ethA@E427K&ethA@E428S&ethA@E433R&ethA@F431S&ethA@G423A&ethA@M432W&ethA@P422R&ethA@P430P&ethA@R421D&ethA@R429G&ethA@S424Q&ethA@V419V&ethA@V426S&ethA@c1257g&ethA@c1290t
Described variant isn't in ref/alt pair: 	ethA_1306_del_2_gggtgaactccatgaagggccgctcttcgacatctgagcccggtcgctcg_gggtgaactccatagggccgctcttcgacatctgagcccggtcgctcgac	ethA@D425Q&ethA@E420S&ethA@E427S&ethA@E428K&ethA@F431P&ethA@G423R&ethA@P422D&ethA@P430G&ethA@R421S&ethA@R429S&ethA@S424A&ethA@V419V&ethA@V426M&ethA@c1257g
Described variant isn't in ref/alt pair: 	ethA_1306_del_1_gggtgaactccatgaagggccgctcttcgacatctgagcccggtcgctcg_gggtgaactccatgagggccgctcttcgacatctgagcccggtcgctcga	ethA@D425R&ethA@E420R&ethA@E427R&ethA@E428R&ethA@F431L&ethA@G423G&ethA@P422T&ethA@P430A&ethA@R421A&ethA@R429A&ethA@S424L&ethA@V419V&ethA@V426C&ethA@c1257t&ethA@c1269g
Described variant isn't in ref/alt pair: 	ethA_1306_del_1_gggtgaactccatgaagggccgctcttcgacatctgagcccggtcgctcg_gggtgaactccatgaaggccgctcttcgacatctgagcccggtcgctcga	ethA@D425R&ethA@E420R&ethA@E427R&ethA@E428R&ethA@G423G&ethA@P422T&ethA@P430A&ethA@R421A&ethA@R429A&ethA@S424L&ethA@V419V&ethA@V426C&ethA@c1257t&ethA@c1269g
Described variant isn't in ref/alt pair: 	ethA_1306_del_1_gggtgaactccatgaagggccgctcttcgacatctgagcccggtcgctcg_gggtgaactccatgaagggcgctcttcgacatctgagcccggtcgctcga	ethA@D425R&ethA@E420R&ethA@E427R&ethA@E428R&ethA@G423G&ethA@P422T&ethA@R421A&ethA@R429A&ethA@S424L&ethA@V419V&ethA@V426C&ethA@c1257t&ethA@c1269g
Described variant isn't in ref/alt pair: 	ethA_1306_ins_22_gggtgaactccatgaagggccgctcttcgacatctgagcccggtcgctcg_gggtgaactccatgaagggccgctcttcgacatctgagcccccgctcttc	ethA@E420K&ethA@P422G&ethA@R421S&ethA@V419V&ethA@c1257g
Described variant isn't in ref/alt pair: 	ethA_1306_del_1_gggtgaactccatgaagggccgctcttcgacatctgagcccggtcgctcg_gggtgaactccatgaagggccgctcttcgacatctgagccggtcgctcga	ethA@E420R&ethA@P422T&ethA@R421A&ethA@V419V&ethA@c1257t
Described variant isn't in ref/alt pair: 	rrs_978_ins_1_ctgggtttgacatgcacaggacgcgtctagagataggcgttcccttgtgg_caaggcttgacatatactggaccgcatcagagatggtgtttcccttcggg	rrs@a1012g&rrs@a995t&rrs@c1001g&rrs@c1004t&rrs@c1015g&rrs@c992t&rrs@g1000c&rrs@g1002c&rrs@g1014t&rrs@g1016t&rrs@g1024c&rrs@g980a&rrs@g991a&rrs@t1003a&rrs@t1005c&rrs@t1025g&rrs@t979a&rrs@t983c
Described variant isn't in ref/alt pair: 	rrs_405_del_12_gggggatgacggccttcgggttgtaaacctctttcaccatcgacgaaggt_gagggatgacggccttcgggttgtaaacctctgttagcagggaagaagag	rrs@c439t&rrs@c441g&rrs@c445g&rrs@c448a&rrs@g406a&rrs@g453a&rrs@t437g&rrs@t444g&rrs@t454g
Described variant isn't in ref/alt pair: 	rrs_533_ins_1_gtgcgagcgttgtccggaattactgggcgtaaagagctcgtaggtggttt_gcgcgagcgttgtccggaattattgggcgtaaagagcttgtaggcggttt	rrs@c555t&rrs@c571t&rrs@t534c&rrs@t577c
Described variant isn't in ref/alt pair: 	rrs_978_ins_1_ctgggtttgacatgcacaggacgcgtctagagataggcgttcccttgtgg_caaggcttgacatatactggaccgcatcagagatggtgtttcccttcggg	rrs@a1012g&rrs@a995t&rrs@c1001g&rrs@c1004t&rrs@c1015g&rrs@c992t&rrs@g1000c&rrs@g1002c&rrs@g1014t&rrs@g1016t&rrs@g1024c&rrs@g980a&rrs@g991a&rrs@t1003a&rrs@t1005c&rrs@t1025g&rrs@t979a&rrs@t983c
Described variant isn't in ref/alt pair: 	rrs_405_del_12_gggggatgacggccttcgggttgtaaacctctttcaccatcgacgaaggt_gagggatgacggccttcgggttgtaaacctctgttagcagggaagaagag	rrs@c439t&rrs@c441g&rrs@c445g&rrs@c448a&rrs@g406a&rrs@g453a&rrs@t437g&rrs@t444g&rrs@t454g
Described variant isn't in ref/alt pair: 	rrs_533_ins_1_gtgcgagcgttgtccggaattactgggcgtaaagagctcgtaggtggttt_gcgcgagcgttgtccggaattattgggcgtaaagagcttgtaggcggttt	rrs@c555t&rrs@c571t&rrs@t534c&rrs@t577c